Rank,Organisation ID,Organisation name,Approved invoice total,Invoice count,First invoice date,Last invoice date
1,800014,Suorakorvaus Kela,108031.75,91,2025-06-04 00:00:00,2026-05-28 00:00:00
2,102213,Marest Holding OÜ,22531.87,13,2025-06-01 00:00:00,2026-05-16 00:00:00
3,103269,Puistolakoti Oy,15084.83,22,2025-06-01 00:00:00,2026-05-16 00:00:00
4,104236,Rakennusmoodi Oy,11644.3,49,2025-06-05 00:00:00,2026-05-25 00:00:00
5,102780,Suomen Palokatko ja Saumaus Oy,10803.21,56,2025-06-25 00:00:00,2026-05-27 00:00:00
6,105845,Real Clean Finland Oy,10510.47,51,2025-05-30 00:00:00,2026-05-08 00:00:00
7,105047,Asbeston Oü,9850.82,16,2025-06-17 00:00:00,2026-05-16 00:00:00
8,102685,Restolution Oy,8731.27,8,2025-06-01 00:00:00,2026-05-24 00:00:00
9,103045,Savarus Oy,8574.04,20,2025-06-03 00:00:00,2026-05-16 00:00:00
10,101109,Medimatkat OY,8390.3,16,2025-06-16 00:00:00,2026-05-16 00:00:00
11,100523,MirLux Oy,8247.45,20,2025-06-01 00:00:00,2026-05-16 00:00:00
12,106931,Heavy service oü,8226.97,19,2025-07-16 00:00:00,2026-05-05 00:00:00
13,105554,DATE TRANS Oy,8074.73,30,2025-06-02 00:00:00,2026-05-25 00:00:00
14,103182,Ippon Group Oü,7854.89,19,2025-09-01 00:00:00,2026-05-26 00:00:00
15,101443,IC siivous Oy,7713.26,20,2025-06-27 00:00:00,2026-05-28 00:00:00
16,800051,Norre Työterveys Oulu Oy,7432.76,14,2025-07-01 00:00:00,2026-05-16 00:00:00
17,106316,TA Haapaniemi Oy,7316.5,7,2025-07-03 00:00:00,2025-11-19 00:00:00
18,107885,Tampereen Tulkkikeskus Oy,7277.7,11,2025-12-18 00:00:00,2026-05-18 00:00:00
19,107382,Valtsikan kyläkauppa,6898.0,9,2025-08-04 00:00:00,2026-05-13 00:00:00
20,800009,Pohjola / OP Vakuutus,6880.3,74,2025-06-02 00:00:00,2026-05-22 00:00:00
21,105458,Jehovan todistajat,6786.94,16,2025-06-01 00:00:00,2026-05-16 00:00:00
22,100621,Espoon Express Palvelut Oy,6758.7,19,2025-06-01 00:00:00,2026-05-16 00:00:00
23,106541,Kuonola Oy,6609.76,22,2025-06-11 00:00:00,2026-04-20 00:00:00
24,100611,Elämäsi Adato Oy,6507.9,4,2025-09-01 00:00:00,2026-05-01 00:00:00
25,105280,Betonirakennus OÜ,6462.3,6,2025-06-16 00:00:00,2025-11-01 00:00:00
26,107358,Labo Line Oy,6359.0,8,2025-07-28 00:00:00,2026-03-17 00:00:00
27,104382,Kalamakasiini Oy,6342.35,8,2025-09-08 00:00:00,2026-05-28 00:00:00
28,107711,Mailia Oy,6302.39,9,2025-10-28 00:00:00,2026-05-14 00:00:00
29,106793,Eläinsairaala Huoma Oy,6090.0,8,2025-07-07 00:00:00,2026-04-14 00:00:00
30,105333,BAFO Talotekniikka Oy,5845.42,20,2025-08-29 00:00:00,2026-05-28 00:00:00
31,102267,Karun-palvelut Oy,5576.91,12,2025-07-01 00:00:00,2026-05-01 00:00:00
32,107027,AIATELLA Oy,5439.85,7,2025-06-16 00:00:00,2026-03-21 00:00:00
33,105939,Kontulankaaren apteekki / Leena Sugander,5348.92,11,2025-06-01 00:00:00,2026-05-01 00:00:00
34,106522,K-S Turvamiehet Oy,5265.0,6,2025-06-09 00:00:00,2025-11-11 00:00:00
35,106340,Länsimäen Kiinteistöpalvelu Oy,5065.0,7,2025-07-02 00:00:00,2026-02-05 00:00:00
36,106876,Ldvhitsaus Oy,4931.36,24,2025-06-02 00:00:00,2026-05-11 00:00:00
37,104682,Zyntax Oy,4831.5,4,2025-06-10 00:00:00,2026-04-17 00:00:00
38,102700,Renkolm OÜ,4826.0,3,2025-06-16 00:00:00,2026-03-16 00:00:00
39,102435,Ltm Team Oy,4752.0,9,2025-06-27 00:00:00,2025-12-02 00:00:00
40,105925,Laatusähkäri Oy,4744.02,10,2025-06-16 00:00:00,2025-12-12 00:00:00
41,103708,Hagmark OÜ,4680.0,2,2025-10-29 00:00:00,2025-11-27 00:00:00
42,106079,diini oy,4638.0,10,2025-11-27 00:00:00,2026-04-14 00:00:00
43,103408,Obelix Consulting Oy,4611.5,1,2025-09-01 00:00:00,2025-09-01 00:00:00
44,105564,Kuopion steinerkouluyhdistys ry,4605.1,5,2025-06-16 00:00:00,2026-05-13 00:00:00
45,105258,LVI-Kartoitus Westerholm Oy,4588.2,8,2025-07-16 00:00:00,2026-03-11 00:00:00
46,103546,Medizone Oy,4549.41,4,2025-06-05 00:00:00,2026-01-07 00:00:00
47,106393,Ravintola Werner Oy,4454.2,11,2025-08-12 00:00:00,2026-05-29 00:00:00
48,105092,Kapre Oy,4443.82,11,2025-06-01 00:00:00,2026-03-16 00:00:00
49,105653,Moondo Oy,4395.8,8,2025-06-06 00:00:00,2026-04-01 00:00:00
50,105624,Voisula Oy,4374.0,4,2025-06-27 00:00:00,2026-04-05 00:00:00
51,106889,viherio oy,4223.18,13,2025-07-11 00:00:00,2026-05-12 00:00:00
52,104988,Tarteim OÜ,4219.27,6,2025-09-01 00:00:00,2026-05-11 00:00:00
53,107521,HardCoreIT Oy,4201.0,13,2025-09-15 00:00:00,2026-05-01 00:00:00
54,105158,A.T. Sillanpää Oy,4180.55,20,2025-06-05 00:00:00,2026-05-27 00:00:00
55,107474,Weldpipemetall Oü,4110.0,4,2025-09-03 00:00:00,2025-12-12 00:00:00
56,107144,Palvelukoti Vantaan Kaskelanrinne Oy,4053.5,6,2025-07-18 00:00:00,2026-04-24 00:00:00
57,101163,Meri-Helsingin musiikkiopiston kannatusyhdistys r.y,4025.32,12,2025-06-01 00:00:00,2026-05-16 00:00:00
58,107710,Benevan Oy,3906.0,8,2025-10-28 00:00:00,2026-05-14 00:00:00
59,104100,Intu Enterprises Oy,3877.32,15,2025-06-16 00:00:00,2026-05-12 00:00:00
60,105068,Ideapata Oy Jollas89 Hotelli,3853.9,20,2025-06-01 00:00:00,2026-05-23 00:00:00
61,107091,Nordic C-Creditor Oy,3831.0,4,2025-09-03 00:00:00,2026-04-10 00:00:00
62,105308,Otron Oy,3790.8,11,2025-08-19 00:00:00,2026-02-23 00:00:00
63,104765,Sportti Iltapäiväkerhot Oy,3742.77,2,2026-02-03 00:00:00,2026-04-01 00:00:00
64,107847,Sandstone Rakennus Oy,3710.0,8,2025-11-26 00:00:00,2026-05-12 00:00:00
65,100513,Mia Group Oy,3677.47,13,2025-06-01 00:00:00,2026-05-16 00:00:00
66,104280,Haavis Oü,3653.0,7,2025-06-01 00:00:00,2026-05-08 00:00:00
67,105192,Kindermaa Oy,3650.78,17,2025-06-26 00:00:00,2025-12-17 00:00:00
68,106628,Avento Oy,3645.0,8,2025-05-30 00:00:00,2026-05-22 00:00:00
69,105110,MUUNTO PALVELUT OY,3626.74,23,2025-06-04 00:00:00,2026-05-12 00:00:00
70,106402,Pieksäwood Oy,3598.49,18,2025-06-24 00:00:00,2026-05-13 00:00:00
71,106423,Veijo Kinnunen Oy,3579.49,10,2025-07-10 00:00:00,2026-05-23 00:00:00
72,800007,If Vahinkovakuutusyhtiö Oy,3460.75,42,2025-06-02 00:00:00,2026-05-13 00:00:00
73,100925,Sternfelt Oü,3443.27,7,2025-06-16 00:00:00,2026-05-25 00:00:00
74,107555,VaraTek Oy,3442.79,26,2025-09-24 00:00:00,2026-05-27 00:00:00
75,107785,Ruoholahden Uusi Apteekki,3413.1,9,2025-11-17 00:00:00,2026-05-18 00:00:00
76,105324,Soltan palvelut Oy,3370.54,14,2025-08-01 00:00:00,2026-04-01 00:00:00
77,107473,KaiKal Forest OÜ,3368.0,5,2025-09-03 00:00:00,2025-11-29 00:00:00
78,102642,MYT Yhtiöt Oy,3351.77,5,2025-09-01 00:00:00,2026-04-01 00:00:00
79,107909,DMB-PUTKI OY,3309.3,7,2025-12-17 00:00:00,2026-05-17 00:00:00
80,100479,Knoobus Oy,3301.17,10,2025-06-01 00:00:00,2026-04-01 00:00:00
81,103215,RSE OU,3276.0,10,2025-09-15 00:00:00,2025-10-29 00:00:00
82,104844,AutoFixed Oy,3225.4,23,2025-06-10 00:00:00,2026-04-14 00:00:00
83,106403,Naarajärven tukki Oy,3204.1,19,2025-07-16 00:00:00,2026-04-20 00:00:00
84,105851,ET Saumaus Oy,3192.53,6,2025-10-06 00:00:00,2026-05-18 00:00:00
85,104134,Moretime Finland Oy,3169.57,14,2025-06-01 00:00:00,2026-05-16 00:00:00
86,104439,Talohuolto Vilander Oy,3151.7,14,2025-06-01 00:00:00,2026-05-16 00:00:00
87,106666,Poula Oy,3143.7,14,2025-06-13 00:00:00,2026-03-10 00:00:00
88,106883,Kver oy,3074.7,8,2025-09-18 00:00:00,2026-05-11 00:00:00
89,104442,Teollisuuspojat Oy,3034.77,5,2025-11-01 00:00:00,2026-04-01 00:00:00
90,107900,Ruoka Kärkkäinen Oy,3000.0,6,2026-01-18 00:00:00,2026-05-18 00:00:00
91,106395,Ir Group Oy,2969.3,8,2025-08-26 00:00:00,2025-11-29 00:00:00
92,102863,Arecon Rakennus Oy,2964.9,9,2025-06-16 00:00:00,2026-04-01 00:00:00
93,105503,N-Huolinta Oy,2956.5,4,2025-11-02 00:00:00,2026-05-02 00:00:00
94,107373,Lion Cafe Oy,2954.0,11,2025-07-31 00:00:00,2025-12-02 00:00:00
95,107230,FRANCE EVAPORATION,2952.0,3,2025-06-06 00:00:00,2026-05-23 00:00:00
96,105811,ESTEEL PROJECT OY,2938.53,6,2026-01-13 00:00:00,2026-05-16 00:00:00
97,105236,Isoharja Oy,2925.0,3,2025-11-02 00:00:00,2026-05-02 00:00:00
98,105887,Terästarvike Oy,2916.0,7,2025-11-01 00:00:00,2026-05-01 00:00:00
99,105605,Arcenciel Oy,2909.57,8,2025-10-13 00:00:00,2026-05-28 00:00:00
100,103528,UAB Alenas,2898.0,2,2025-07-30 00:00:00,2025-10-20 00:00:00
